{
  "source_scene_count": 3,
  "target_scene_count": 3,
  "k_neighbors": 12,
  "max_points_per_scene": 512,
  "descriptors": {
    "density_per_m2": {
      "available": true,
      "source": {
        "count": 1536,
        "mean": 15.109550168878485,
        "std": 8.392021222724383,
        "q05": 7.104784611251543,
        "q50": 13.98430237753044,
        "q95": 25.00555938563601
      },
      "target": {
        "count": 1536,
        "mean": 0.682796498510139,
        "std": 0.7233570689281773,
        "q05": 0.007464977455175879,
        "q50": 0.4524278692134812,
        "q95": 2.12536432848841
      },
      "distances": {
        "wasserstein_1": 14.426753670368344,
        "energy": 4.6070207551820195,
        "rbf_mmd": 1.1074488669034872
      }
    },
    "intensity": {
      "available": true,
      "source": {
        "count": 1536,
        "mean": 0.19255465493915835,
        "std": 0.05171843678261133,
        "q05": 0.11972328461706638,
        "q50": 0.19579821079969406,
        "q95": 0.2606775611639023
      },
      "target": {
        "count": 1536,
        "mean": 0.853303720902962,
        "std": 0.25594754521217583,
        "q05": 0.25882354378700256,
        "q50": 1.0,
        "q95": 1.0
      },
      "distances": {
        "wasserstein_1": 0.6607889845011716,
        "energy": 1.0219583415154496,
        "rbf_mmd": 0.9669087589543627
      }
    },
    "normal_tilt_rad": {
      "available": true,
      "source": {
        "count": 1536,
        "mean": 2.0369830057419535e-05,
        "std": 1.1913911939565423e-05,
        "q05": 5.015947375724831e-06,
        "q50": 1.8233363862984007e-05,
        "q95": 4.24187629444879e-05
      },
      "target": {
        "count": 1536,
        "mean": 0.34979125527844407,
        "std": 0.4112940660663362,
        "q05": 0.028603894111906752,
        "q50": 0.1846731429319397,
        "q95": 1.3932362827414473
      },
      "distances": {
        "wasserstein_1": 0.3497708854483866,
        "energy": 0.5469734780397008,
        "rbf_mmd": 0.5792630669958976
      }
    },
    "pca_curvature": {
      "available": true,
      "source": {
        "count": 1536,
        "mean": 5.103954312903837e-05,
        "std": 8.206820330889348e-05,
        "q05": 1.0660436726051437e-05,
        "q50": 3.7207799739305715e-05,
        "q95": 0.00010016321903448353
      },
      "target": {
        "count": 1536,
        "mean": 0.025619768243156666,
        "std": 0.03754663524793378,
        "q05": 1.1651862387388095e-05,
        "q50": 0.007991309964264202,
        "q95": 0.10546715487515243
      },
      "distances": {
        "wasserstein_1": 0.02556874043067388,
        "energy": 0.12701025435910618,
        "rbf_mmd": 0.37906274344190194
      }
    },
    "height_residual_m": {
      "available": true,
      "source": {
        "count": 1536,
        "mean": 0.0022438487206247106,
        "std": 0.00184574880789534,
        "q05": 0.00016870598191296555,
        "q50": 0.0017865005604123661,
        "q95": 0.00604944366901266
      },
      "target": {
        "count": 1536,
        "mean": 0.5293086803202672,
        "std": 1.1286155736188546,
        "q05": 0.0020315551098783508,
        "q50": 0.1373098982274903,
        "q95": 2.6178414453038457
      },
      "distances": {
        "wasserstein_1": 0.5270648350226238,
        "energy": 0.5245707622953226,
        "rbf_mmd": 0.40558577131369267
      }
    }
  },
  "joint_rbf_mmd": 0.6131271886814156,
  "joint_descriptor_names": [
    "density_per_m2",
    "intensity",
    "normal_tilt_rad",
    "pca_curvature",
    "height_residual_m"
  ],
  "source_kind": "synthetic",
  "target_kind": "real",
  "warnings": []
}