{
  "source_scene_count": 3,
  "target_scene_count": 3,
  "k_neighbors": 12,
  "max_points_per_scene": 512,
  "descriptors": {
    "density_per_m2": {
      "available": true,
      "source": {
        "count": 1536,
        "mean": 15.109550168878485,
        "std": 8.392021222724383,
        "q05": 7.104784611251543,
        "q50": 13.98430237753044,
        "q95": 25.00555938563601
      },
      "target": {
        "count": 1536,
        "mean": 2.64249027623002,
        "std": 2.259142290326895,
        "q05": 0.13139452007072455,
        "q50": 2.222620770156062,
        "q95": 6.616986853283983
      },
      "distances": {
        "wasserstein_1": 12.467059892648466,
        "energy": 3.9766602892595486,
        "rbf_mmd": 0.9667139046524094
      }
    },
    "intensity": {
      "available": true,
      "source": {
        "count": 1536,
        "mean": 0.19255465493915835,
        "std": 0.05171843678261133,
        "q05": 0.11972328461706638,
        "q50": 0.19579821079969406,
        "q95": 0.2606775611639023
      },
      "target": {
        "count": 1536,
        "mean": 0.8236340947745097,
        "std": 0.23984304586416713,
        "q05": 0.35588236153125763,
        "q50": 1.0,
        "q95": 1.0
      },
      "distances": {
        "wasserstein_1": 0.6310794398353512,
        "energy": 0.982550211398878,
        "rbf_mmd": 1.0788932110527227
      }
    },
    "normal_tilt_rad": {
      "available": true,
      "source": {
        "count": 1536,
        "mean": 2.0369830057419535e-05,
        "std": 1.1913911939565423e-05,
        "q05": 5.015947375724831e-06,
        "q50": 1.8233363862984007e-05,
        "q95": 4.24187629444879e-05
      },
      "target": {
        "count": 1536,
        "mean": 0.06947909401445211,
        "std": 0.07282422953329942,
        "q05": 0.02553598191607095,
        "q50": 0.03717860022494978,
        "q95": 0.22002042269906213
      },
      "distances": {
        "wasserstein_1": 0.06945872418439471,
        "energy": 0.27770890803678405,
        "rbf_mmd": 0.7818321731178137
      }
    },
    "pca_curvature": {
      "available": true,
      "source": {
        "count": 1536,
        "mean": 5.103954312903837e-05,
        "std": 8.206820330889348e-05,
        "q05": 1.0660436726051437e-05,
        "q50": 3.7207799739305715e-05,
        "q95": 0.00010016321903448353
      },
      "target": {
        "count": 1536,
        "mean": 0.0007716262867137096,
        "std": 0.0019894298451747466,
        "q05": 3.145520664982396e-06,
        "q50": 5.1728848981767385e-05,
        "q95": 0.005247375672935129
      },
      "distances": {
        "wasserstein_1": 0.0007253215958975368,
        "energy": 0.012969704777983494,
        "rbf_mmd": 0.12539907261658678
      }
    },
    "height_residual_m": {
      "available": true,
      "source": {
        "count": 1536,
        "mean": 0.0022438487206247106,
        "std": 0.00184574880789534,
        "q05": 0.00016870598191296555,
        "q50": 0.0017865005604123661,
        "q95": 0.00604944366901266
      },
      "target": {
        "count": 1536,
        "mean": 0.01847083544337683,
        "std": 0.04024697014860352,
        "q05": 0.000572510134131676,
        "q50": 0.005760317234235637,
        "q95": 0.08120878980642877
      },
      "distances": {
        "wasserstein_1": 0.016226986722752117,
        "energy": 0.07809533147785365,
        "rbf_mmd": 0.23690102802280888
      }
    }
  },
  "joint_rbf_mmd": 0.6481071369253165,
  "joint_descriptor_names": [
    "density_per_m2",
    "intensity",
    "normal_tilt_rad",
    "pca_curvature",
    "height_residual_m"
  ],
  "source_kind": "synthetic",
  "target_kind": "real",
  "warnings": [],
  "source_ground_filter": [],
  "target_ground_filter": [
    {
      "name": "lidar_132-1688519868.611119841.pcd",
      "input_points": 85092,
      "retained_points": 33998,
      "retained_fraction": 0.39954402293987684,
      "plane_normal_z": 0.9990135632067597,
      "distance_threshold_m": 0.15
    },
    {
      "name": "lidar_133-1688519868.710822427.pcd",
      "input_points": 85024,
      "retained_points": 32987,
      "retained_fraction": 0.38797280767783215,
      "plane_normal_z": 0.9991852083522391,
      "distance_threshold_m": 0.15
    },
    {
      "name": "lidar_134-1688519868.810947561.pcd",
      "input_points": 84858,
      "retained_points": 33891,
      "retained_fraction": 0.3993848546984374,
      "plane_normal_z": 0.9992113659494847,
      "distance_threshold_m": 0.15
    }
  ]
}