{
  "source_scene_count": 64,
  "target_scene_count": 3,
  "model_input_feature_schema": "roadmc.observable_features.v1",
  "model_input_feature_names": [
    "normalized_intensity",
    "pca_curvature",
    "signed_local_height_residual"
  ],
  "k_neighbors": 16,
  "max_points_per_scene": 2048,
  "descriptors": {
    "density_per_m2": {
      "available": true,
      "source": {
        "count": 131072,
        "mean": 75.12974123254457,
        "std": 121.19306910351048,
        "q05": 30.87510878897536,
        "q50": 58.25076435629805,
        "q95": 125.86547393458225
      },
      "target": {
        "count": 6144,
        "mean": 12.164977141001946,
        "std": 10.102662501288828,
        "q05": 0.4882256605301017,
        "q50": 10.185642690824164,
        "q95": 30.70665246072476
      },
      "distances": {
        "wasserstein_1": 62.96476409154262,
        "energy": 8.058867383409355,
        "rbf_mmd": 0.8847148937694519
      }
    },
    "intensity": {
      "available": true,
      "source": {
        "count": 131072,
        "mean": 0.17672921481822568,
        "std": 0.04949107370899587,
        "q05": 0.09628343917429447,
        "q50": 0.1764768362045288,
        "q95": 0.25278037786483765
      },
      "target": {
        "count": 6144,
        "mean": 0.8260914576258074,
        "std": 0.24224541276050834,
        "q05": 0.333921578526497,
        "q50": 1.0,
        "q95": 1.0
      },
      "distances": {
        "wasserstein_1": 0.6493622428075817,
        "energy": 1.0015213084745678,
        "rbf_mmd": 1.078166698934222
      }
    },
    "normal_tilt_rad": {
      "available": true,
      "source": {
        "count": 131072,
        "mean": 0.00010660343825598974,
        "std": 5.8055694690112644e-05,
        "q05": 2.6686104299739945e-05,
        "q50": 9.881029766755845e-05,
        "q95": 0.00021419274695131386
      },
      "target": {
        "count": 6144,
        "mean": 0.07829691203230911,
        "std": 0.1054277442654423,
        "q05": 0.023696705580763235,
        "q50": 0.0385567532262485,
        "q95": 0.32365058318914064
      },
      "distances": {
        "wasserstein_1": 0.0781903085940531,
        "energy": 0.2783304851478064,
        "rbf_mmd": 0.8031614456052728
      }
    },
    "pca_curvature": {
      "available": true,
      "source": {
        "count": 131072,
        "mean": 0.00036225202300411844,
        "std": 0.0018828569728042467,
        "q05": 4.64856799431262e-05,
        "q50": 0.00012392518171807225,
        "q95": 0.00080124336266056
      },
      "target": {
        "count": 6144,
        "mean": 0.0016310373097608948,
        "std": 0.004581764992535508,
        "q05": 5.137472636740331e-06,
        "q50": 0.00014661348350936083,
        "q95": 0.012173279782781954
      },
      "distances": {
        "wasserstein_1": 0.0013161411560102003,
        "energy": 0.014393512134465313,
        "rbf_mmd": 0.08574663548571237
      }
    },
    "height_residual_m": {
      "available": true,
      "source": {
        "count": 131072,
        "mean": 0.0022427290087191276,
        "std": 0.002226976627938672,
        "q05": 0.00015662670617327693,
        "q50": 0.001730299156125638,
        "q95": 0.005773643595731061
      },
      "target": {
        "count": 6144,
        "mean": 0.011698699213893887,
        "std": 0.02290536118834001,
        "q05": 0.0003703607023772792,
        "q50": 0.004501221363470597,
        "q95": 0.052045191808593
      },
      "distances": {
        "wasserstein_1": 0.00945597020517475,
        "energy": 0.05711198055673156,
        "rbf_mmd": 0.1719428124251875
      }
    },
    "signed_height_residual_over_radius": {
      "available": true,
      "source": {
        "count": 131072,
        "mean": -0.0002168128878448549,
        "std": 0.014531015735454414,
        "q05": -0.01642946078201154,
        "q50": 0.00020221706252844784,
        "q95": 0.016750555085864014
      },
      "target": {
        "count": 6144,
        "mean": -0.002571187190308292,
        "std": 0.02934996734545648,
        "q05": -0.039375679102864804,
        "q50": -0.0006071023183653029,
        "q95": 0.027107618497074073
      },
      "distances": {
        "wasserstein_1": 0.006877986071862455,
        "energy": 0.022301365346808655,
        "rbf_mmd": 0.010023867650706286
      }
    }
  },
  "joint_rbf_mmd": 0.6179174769428972,
  "joint_descriptor_names": [
    "density_per_m2",
    "intensity",
    "normal_tilt_rad",
    "pca_curvature",
    "height_residual_m",
    "signed_height_residual_over_radius"
  ],
  "source_kind": "synthetic",
  "target_kind": "real",
  "warnings": [],
  "source_ground_filter": [],
  "target_ground_filter": [
    {
      "name": "lidar_132-1688519868.611119841.pcd",
      "input_points": 85092,
      "retained_points": 32526,
      "retained_fraction": 0.3822450994218023,
      "plane_normal_z": 0.9992719250221335,
      "distance_threshold_m": 0.15
    },
    {
      "name": "lidar_133-1688519868.710822427.pcd",
      "input_points": 85024,
      "retained_points": 33403,
      "retained_fraction": 0.39286554384644334,
      "plane_normal_z": 0.9991771107074339,
      "distance_threshold_m": 0.15
    },
    {
      "name": "lidar_134-1688519868.810947561.pcd",
      "input_points": 84858,
      "retained_points": 33951,
      "retained_fraction": 0.40009191826345186,
      "plane_normal_z": 0.9991553902680421,
      "distance_threshold_m": 0.15
    }
  ]
}