{
  "generated_at": "2026-06-20T00:12:00.791917",
  "script": "roadmc/scripts/expand_synthetic_dataset.py",
  "dry_run": false,
  "target": {
    "train": 4000,
    "val": 1000,
    "total": 5000
  },
  "config": {
    "seed": 42,
    "grid_res": 0.01,
    "num_points": 8192,
    "target_density": null,
    "pavement": "mixed",
    "roughness": "B",
    "max_diseases": 3,
    "use_stratified": true,
    "workers": 16,
    "chunksize": 1
  },
  "stats": {
    "train": {
      "split": "train",
      "existing_before": 828,
      "target": 4000,
      "requested_new": 3172,
      "generated": 3172,
      "failed": 0,
      "skipped": 0,
      "total_after": 4000,
      "elapsed_sec": 14783.710837841034,
      "scenes_per_sec": 0.21456047367219938,
      "point_stats": {
        "mean": 8192.0,
        "min": 8192,
        "max": 8192
      },
      "new_scene_class_counts": {
        "0": 3172,
        "30": 86,
        "35": 132,
        "28": 60,
        "11": 360,
        "16": 299,
        "19": 364,
        "27": 95,
        "14": 272,
        "17": 265,
        "23": 80,
        "22": 59,
        "29": 160,
        "3": 182,
        "9": 419,
        "12": 225,
        "1": 199,
        "13": 416,
        "15": 501,
        "34": 167,
        "21": 104,
        "36": 132,
        "4": 110,
        "33": 68,
        "18": 152,
        "32": 96,
        "31": 57,
        "2": 111,
        "8": 134,
        "6": 130,
        "7": 195,
        "25": 97,
        "10": 269,
        "5": 143,
        "26": 63,
        "24": 50
      }
    },
    "val": {
      "split": "val",
      "existing_before": 150,
      "target": 1000,
      "requested_new": 850,
      "generated": 836,
      "failed": 14,
      "skipped": 0,
      "total_after": 986,
      "elapsed_sec": 3643.6251702308655,
      "scenes_per_sec": 0.2294418226194847,
      "point_stats": {
        "mean": 8192.0,
        "min": 8192,
        "max": 8192
      },
      "new_scene_class_counts": {
        "0": 836,
        "36": 40,
        "11": 95,
        "16": 79,
        "18": 49,
        "9": 101,
        "13": 87,
        "15": 117,
        "22": 21,
        "3": 61,
        "17": 63,
        "4": 34,
        "14": 78,
        "28": 19,
        "25": 24,
        "12": 61,
        "1": 48,
        "26": 18,
        "19": 103,
        "23": 22,
        "33": 19,
        "34": 38,
        "32": 22,
        "24": 11,
        "27": 25,
        "35": 42,
        "10": 66,
        "30": 35,
        "8": 52,
        "5": 26,
        "31": 14,
        "7": 42,
        "6": 30,
        "29": 41,
        "21": 19,
        "2": 30
      }
    }
  }
}